{"cameraMode":{"drawMode":0,"name":"Shaded","section":"Shading Mode"},"sceneLighting":true,"audioPlay":false,"sceneViewState":{"m_AlwaysRefresh":false,"showFog":true,"showSkybox":true,"showFlares":true,"showImageEffects":true,"showParticleSystems":true,"showVisualEffectGraphs":true,"m_FxEnabled":false},"in2DMode":false,"pivot":{"x":29.614368438720704,"y":5.208126544952393,"z":208.3304901123047},"rotation":{"x":-0.0025163765531033279,"y":-0.9972004890441895,"z":0.06351762264966965,"w":-0.039517592638731},"size":2.2024569511413576,"orthographic":false}